-- Adminer 4.8.1 MySQL 8.3.0 dump

SET NAMES utf8;
SET time_zone = '+00:00';
SET foreign_key_checks = 0;
SET sql_mode = 'NO_AUTO_VALUE_ON_ZERO';

SET NAMES utf8mb4;

DROP TABLE IF EXISTS `cargoes`;
CREATE TABLE `cargoes` (
  `id` int NOT NULL AUTO_INCREMENT,
  `weight` float NOT NULL,
  `invoice_id` int NOT NULL,
  PRIMARY KEY (`id`),
  KEY `invoice_id` (`invoice_id`),
  CONSTRAINT `cargoes_ibfk_1` FOREIGN KEY (`invoice_id`) REFERENCES `invoices` (`id`) ON DELETE CASCADE
) ENGINE=InnoDB DEFAULT CHARSET=utf8mb4 COLLATE=utf8mb4_0900_ai_ci;

INSERT INTO `cargoes` (`id`, `weight`, `invoice_id`) VALUES
(1,	1000,	1),
(2,	300,	1),
(3,	300,	6),
(4,	10,	6),
(5,	20,	7),
(6,	300,	7),
(7,	500,	8),
(8,	20,	9),
(9,	30,	10),
(10,	39,	11);

DROP TABLE IF EXISTS `cities`;
CREATE TABLE `cities` (
  `id` int NOT NULL AUTO_INCREMENT,
  `name` varchar(255) NOT NULL,
  PRIMARY KEY (`id`)
) ENGINE=InnoDB DEFAULT CHARSET=utf8mb4 COLLATE=utf8mb4_0900_ai_ci;

INSERT INTO `cities` (`id`, `name`) VALUES
(1,	'Москва'),
(2,	'Абрамцево'),
(3,	'Алабино'),
(4,	'Апрелевка'),
(5,	'Архангельское'),
(6,	'Ашитково'),
(7,	'Байконур'),
(8,	'Бакшеево'),
(9,	'Балашиха'),
(10,	'Барыбино'),
(11,	'Белоомут'),
(12,	'Белые Столбы'),
(13,	'Бородино'),
(14,	'Бронницы'),
(15,	'Быково'),
(16,	'Валуево'),
(17,	'Вербилки'),
(18,	'Верея'),
(19,	'Видное'),
(20,	'Внуково'),
(21,	'Вождь Пролетариата'),
(22,	'Волоколамск'),
(23,	'Вороново'),
(24,	'Воскресенск'),
(25,	'Восточный'),
(26,	'Востряково'),
(27,	'Высоковск'),
(28,	'Голицино'),
(29,	'Деденево'),
(30,	'Дедовск'),
(31,	'Джержинский'),
(32,	'Дмитров'),
(33,	'Долгопрудный'),
(34,	'Домодедово'),
(35,	'Дорохово'),
(36,	'Дрезна'),
(37,	'Дубки'),
(38,	'Дубна'),
(39,	'Егорьевск'),
(40,	'Железнодорожный'),
(41,	'Жилево'),
(42,	'Жуковский'),
(43,	'Загорск'),
(44,	'Загорянский'),
(45,	'Запрудная'),
(46,	'Зарайск'),
(47,	'Звенигород'),
(48,	'Зеленоград'),
(49,	'Ивантеевка'),
(50,	'Икша'),
(51,	'Ильинский'),
(52,	'Истра'),
(53,	'Калининград'),
(54,	'Кашира'),
(55,	'Керва'),
(56,	'Климовск'),
(57,	'Клин'),
(58,	'Клязьма'),
(59,	'Кожино'),
(60,	'Кокошкино'),
(61,	'Коломна'),
(62,	'Колюбакино'),
(63,	'Королев'),
(64,	'Косино'),
(65,	'Котельники'),
(66,	'Красково'),
(67,	'Красноармейск'),
(68,	'Красногорск'),
(69,	'Краснозаводск'),
(70,	'Краснознаменск'),
(71,	'Красный Ткач'),
(72,	'Крюково'),
(73,	'Кубинка'),
(74,	'Купавна'),
(75,	'Куровское'),
(76,	'Лесной Городок'),
(77,	'Ликино-Дулево'),
(78,	'Лобня'),
(79,	'Лопатинский'),
(80,	'Лосино-Петровский'),
(81,	'Лотошино'),
(82,	'Лукино'),
(83,	'Луховицы'),
(84,	'Лыткарино'),
(85,	'Львовский'),
(86,	'Люберцы'),
(87,	'Малаховка'),
(88,	'Михайловское'),
(89,	'Михнево'),
(90,	'Можайск'),
(91,	'Монино'),
(92,	'Муханово'),
(93,	'Мытищи'),
(94,	'Нарофоминск'),
(95,	'Нахабино'),
(96,	'Некрасовка'),
(97,	'Немчиновка'),
(98,	'Новобратцевский'),
(99,	'Новоподрезково'),
(100,	'Ногинск'),
(101,	'Обухово'),
(102,	'Одинцово'),
(103,	'Ожерелье'),
(104,	'Озеры'),
(105,	'Октябрьский'),
(106,	'Опалиха'),
(107,	'Орехово-Зуево'),
(108,	'Павловский Посад'),
(109,	'Первомайский'),
(110,	'Пески'),
(111,	'Пироговский'),
(112,	'Подольск'),
(113,	'Полушкино'),
(114,	'Правдинский'),
(115,	'Привокзальный'),
(116,	'Пролетарский'),
(117,	'Протвино'),
(118,	'Пушкино'),
(119,	'Пущино'),
(120,	'Радовицкий'),
(121,	'Раменское'),
(122,	'Реутов'),
(123,	'Решетниково'),
(124,	'Родники'),
(125,	'Рошаль'),
(126,	'Рублево'),
(127,	'Руза'),
(128,	'Салтыковка'),
(129,	'Северный'),
(130,	'Сергиев Посад'),
(131,	'Серебряные Пруды'),
(132,	'Серпухов'),
(133,	'Солнечногорск'),
(134,	'Солнцево'),
(135,	'Софрино'),
(136,	'Старая Купавна'),
(137,	'Старбеево'),
(138,	'Ступино'),
(139,	'Сходня'),
(140,	'Талдом'),
(141,	'Текстильщик'),
(142,	'Темпы'),
(143,	'Тишково'),
(144,	'Томилино'),
(145,	'Троицк'),
(146,	'Туголесский Бор'),
(147,	'Тучково'),
(148,	'Уваровка'),
(149,	'Удельная'),
(150,	'Успенское'),
(151,	'Фирсановка'),
(152,	'Фосфоритный'),
(153,	'Фрязино'),
(154,	'Фряново'),
(155,	'Химки'),
(156,	'Хорлово'),
(157,	'Хотьково'),
(158,	'Черкизово'),
(159,	'Черноголовка'),
(160,	'Черусти'),
(161,	'Чехов'),
(162,	'Шарапово'),
(163,	'Шатура'),
(164,	'Шатурторф'),
(165,	'Шаховская'),
(166,	'Шереметьевский'),
(167,	'Щелково'),
(168,	'Щербинка'),
(169,	'Электрогорск'),
(170,	'Электросталь'),
(171,	'Электроугли'),
(172,	'Яхрома'),
(173,	'Санкт-Петербург'),
(174,	'Александровская'),
(175,	'Бокситогорск'),
(176,	'Большая Ижора'),
(177,	'Будогощь'),
(178,	'Вознесенье'),
(179,	'Волосово'),
(180,	'Волхов'),
(181,	'Всеволожск'),
(182,	'Выборг'),
(183,	'Вырица'),
(184,	'Высоцк'),
(185,	'Гатчина'),
(186,	'Дружная Горка'),
(187,	'Дубровка'),
(188,	'Ефимовский'),
(189,	'Зеленогорск'),
(190,	'Ивангород'),
(191,	'Каменногорск'),
(192,	'Кикерино'),
(193,	'Кингисепп'),
(194,	'Кириши'),
(195,	'Кировск'),
(196,	'Кобринское'),
(197,	'Колпино'),
(198,	'Коммунар'),
(199,	'Кронштадт'),
(200,	'Лисий Нос'),
(201,	'Лодейное Поле'),
(202,	'Ломоносов'),
(203,	'Луга'),
(204,	'Павловск'),
(205,	'Парголово'),
(206,	'Петродворец'),
(207,	'Пикалёво'),
(208,	'Подпорожье'),
(209,	'Приозерск'),
(210,	'Пушкин'),
(211,	'Сестрорецк'),
(212,	'Сланцы'),
(213,	'Сосновый Бор'),
(214,	'Тихвин'),
(215,	'Тосно'),
(216,	'Шлиссельбург'),
(217,	'Адыгейск'),
(218,	'Майкоп'),
(219,	'Акташ'),
(220,	'Акутиха'),
(221,	'Алейск'),
(222,	'Алтайский'),
(223,	'Баево'),
(224,	'Барнаул'),
(225,	'Белово'),
(226,	'Белокуриха'),
(227,	'Белоярск'),
(228,	'Бийск'),
(229,	'Благовещенск'),
(230,	'Боровлянка'),
(231,	'Бурла'),
(232,	'Бурсоль'),
(233,	'Волчиха'),
(234,	'Горно-Алтайск'),
(235,	'Горняк'),
(236,	'Ельцовка'),
(237,	'Залесово'),
(238,	'Заринск'),
(239,	'Заток'),
(240,	'Змеиногорск'),
(241,	'Камень-на-Оби'),
(242,	'Ключи'),
(243,	'Кош-Агач'),
(244,	'Красногорское'),
(245,	'Краснощеково'),
(246,	'Кулунда'),
(247,	'Кытманово'),
(248,	'Мамонтово'),
(249,	'Новичиха'),
(250,	'Новоалтайск'),
(251,	'Онгудай'),
(252,	'Павловск'),
(253,	'Петропавловское'),
(254,	'Поспелиха'),
(255,	'Ребриха'),
(256,	'Родино'),
(257,	'Рубцовск'),
(258,	'Славгород'),
(259,	'Смоленское'),
(260,	'Солонешное'),
(261,	'Солтон'),
(262,	'Староаллейское'),
(263,	'Табуны'),
(264,	'Тальменка'),
(265,	'Топчиха'),
(266,	'Троицкое'),
(267,	'Турочак'),
(268,	'Тюменцево'),
(269,	'Угловское'),
(270,	'Усть-Калманка'),
(271,	'Усть-Кан'),
(272,	'Усть-Кокса'),
(273,	'Усть-Улаган'),
(274,	'Усть-Чарышская Пристань'),
(275,	'Хабары'),
(276,	'Целинное'),
(277,	'Чарышское'),
(278,	'Шебалино'),
(279,	'Шелаболиха'),
(280,	'Шипуново'),
(281,	'Айгунь'),
(282,	'Архара'),
(283,	'Белогорск'),
(284,	'Благовещенск (Амурская обл.)'),
(285,	'Бурея'),
(286,	'Возжаевка'),
(287,	'Екатеринославка'),
(288,	'Ерофей Павлович'),
(289,	'Завитинск'),
(290,	'Зея'),
(291,	'Златоустовск'),
(292,	'Ивановка'),
(293,	'Коболдо'),
(294,	'Магдагачи'),
(295,	'Новобурейский'),
(296,	'Поярково'),
(297,	'Райчихинск'),
(298,	'Ромны'),
(299,	'Свободный'),
(300,	'Серышево'),
(301,	'Сковородино'),
(302,	'Стойба'),
(303,	'Тамбовка'),
(304,	'Тында'),
(305,	'Шимановск'),
(306,	'Экимчан'),
(307,	'Ядрино'),
(308,	'Амдерма'),
(309,	'Архангельск'),
(310,	'Березник'),
(311,	'Вельск'),
(312,	'Верхняя Тойма'),
(313,	'Волошка'),
(314,	'Вычегодский'),
(315,	'Емца'),
(316,	'Илеза'),
(317,	'Ильинско-Подомское'),
(318,	'Каргополь'),
(319,	'Карпогоры'),
(320,	'Кодино'),
(321,	'Коноша'),
(322,	'Коряжма'),
(323,	'Котлас'),
(324,	'Красноборск'),
(325,	'Лешуконское'),
(326,	'Мезень'),
(327,	'Мирный'),
(328,	'Нарьян-Мар'),
(329,	'Новодвинск'),
(330,	'Няндома'),
(331,	'Онега'),
(332,	'Пинега'),
(333,	'Плесецк'),
(334,	'Северодвинск'),
(335,	'Сольвычегодск'),
(336,	'Холмогоры'),
(337,	'Шенкурск'),
(338,	'Яренск'),
(339,	'Астрахань'),
(340,	'Ахтубинск'),
(341,	'Верхний Баскунчак'),
(342,	'Володарский'),
(343,	'Енотаевка'),
(344,	'Икряное'),
(345,	'Камызяк'),
(346,	'Капустин Яр'),
(347,	'Красный Яр'),
(348,	'Лиман'),
(349,	'Началово'),
(350,	'Харабали'),
(351,	'Черный Яр'),
(352,	'Аксаково'),
(353,	'Амзя'),
(354,	'Аскино'),
(355,	'Баймак'),
(356,	'Бакалы'),
(357,	'Белебей'),
(358,	'Белорецк'),
(359,	'Бижбуляк'),
(360,	'Бирск'),
(361,	'Благовещенск'),
(362,	'Большеустьикинское'),
(363,	'Бураево'),
(364,	'Верхнеяркеево'),
(365,	'Верхние Киги'),
(366,	'Верхние Татышлы'),
(367,	'Верхний Авзян'),
(368,	'Давлеканово'),
(369,	'Дуван'),
(370,	'Дюртюли'),
(371,	'Ермекеево'),
(372,	'Ермолаево'),
(373,	'Зилаир'),
(374,	'Зирган'),
(375,	'Иглино'),
(376,	'Инзер'),
(377,	'Исянгулово'),
(378,	'Ишимбай'),
(379,	'Кананикольское'),
(380,	'Кандры'),
(381,	'Караидель'),
(382,	'Караидельский'),
(383,	'Киргиз-Мияки'),
(384,	'Красноусольский'),
(385,	'Кумертау'),
(386,	'Кушнаренково'),
(387,	'Малояз'),
(388,	'Мелеуз'),
(389,	'Месягутово'),
(390,	'Мраково'),
(391,	'Нефтекамск'),
(392,	'Октябрьский'),
(393,	'Раевский'),
(394,	'Салават'),
(395,	'Сибай'),
(396,	'Старобалтачево'),
(397,	'Старосубхангулово'),
(398,	'Стерлибашево'),
(399,	'Стерлитамак'),
(400,	'Туймазы'),
(401,	'Уфа'),
(402,	'Учалы'),
(403,	'Федоровка'),
(404,	'Чекмагуш'),
(405,	'Чишмы'),
(406,	'Шаран'),
(407,	'Янаул'),
(408,	'Алексеевка'),
(409,	'Белгород'),
(410,	'Борисовка'),
(411,	'Валуйки'),
(412,	'Вейделевка'),
(413,	'Волоконовка'),
(414,	'Грайворон'),
(415,	'Губкин'),
(416,	'Ивня'),
(417,	'Короча'),
(418,	'Красногвардейское'),
(419,	'Новый Оскол'),
(420,	'Ракитное'),
(421,	'Ровеньки'),
(422,	'Старый Оскол'),
(423,	'Строитель'),
(424,	'Чернянка'),
(425,	'Шебекино'),
(426,	'Алтухово'),
(427,	'Белая Березка'),
(428,	'Белые Берега'),
(429,	'Большое Полпино'),
(430,	'Брянск'),
(431,	'Бытошь'),
(432,	'Выгоничи'),
(433,	'Вышков'),
(434,	'Гордеевка'),
(435,	'Дубровка'),
(436,	'Дятьково'),
(437,	'Жирятино'),
(438,	'Жуковка'),
(439,	'Злынка'),
(440,	'Ивот'),
(441,	'Карачев'),
(442,	'Клетня'),
(443,	'Климово'),
(444,	'Клинцы'),
(445,	'Кокаревка'),
(446,	'Комаричи'),
(447,	'Красная Гора'),
(448,	'Локоть'),
(449,	'Мглин'),
(450,	'Навля'),
(451,	'Новозыбков'),
(452,	'Погар'),
(453,	'Почеп'),
(454,	'Ржаница'),
(455,	'Рогнедино'),
(456,	'Севск'),
(457,	'Стародуб'),
(458,	'Суземка'),
(459,	'Сураж'),
(460,	'Трубчевск'),
(461,	'Унеча'),
(462,	'Бабушкин'),
(463,	'Багдарин'),
(464,	'Баргузин'),
(465,	'Баянгол'),
(466,	'Бичура'),
(467,	'Выдрино'),
(468,	'Гусиное Озеро'),
(469,	'Гусиноозерск'),
(470,	'Заиграево'),
(471,	'Закаменск'),
(472,	'Иволгинск'),
(473,	'Илька'),
(474,	'Кабанск'),
(475,	'Каменск'),
(476,	'Кижинга'),
(477,	'Курумкан'),
(478,	'Кырен'),
(479,	'Кяхта'),
(480,	'Монды'),
(481,	'Мухоршибирь'),
(482,	'Нижнеангарск'),
(483,	'Орлик'),
(484,	'Петропавловка'),
(485,	'Романовка'),
(486,	'Северобайкальск'),
(487,	'Селенгинск'),
(488,	'Сосново-Озерское'),
(489,	'Таксимо'),
(490,	'Турунтаево'),
(491,	'Улан-Удэ'),
(492,	'Хоринск'),
(493,	'Александров'),
(494,	'Андреево'),
(495,	'Анопино'),
(496,	'Бавлены'),
(497,	'Балакирево'),
(498,	'Боголюбово'),
(499,	'Великодворский'),
(500,	'Вербовский'),
(501,	'Владимир'),
(502,	'Вязники'),
(503,	'Городищи'),
(504,	'Гороховец'),
(505,	'Гусевский'),
(506,	'Гусь Хрустальный'),
(507,	'Золотково'),
(508,	'Иванищи'),
(509,	'Камешково'),
(510,	'Карабаново'),
(511,	'Киржач'),
(512,	'Ковров'),
(513,	'Кольчугино'),
(514,	'Красная Горбатка'),
(515,	'Меленки'),
(516,	'Муром'),
(517,	'Петушки'),
(518,	'Покров'),
(519,	'Собинка'),
(520,	'Судогда'),
(521,	'Суздаль'),
(522,	'Юрьев-Польский'),
(523,	'Алексеевская'),
(524,	'Алущевск'),
(525,	'Быково'),
(526,	'Волгоград'),
(527,	'Волжский'),
(528,	'Городище'),
(529,	'Дубовка'),
(530,	'Елань'),
(531,	'Жирновск'),
(532,	'Иловля'),
(533,	'Калач-на-Дону'),
(534,	'Камышин'),
(535,	'Кириллов'),
(536,	'Клетский'),
(537,	'Котельниково'),
(538,	'Котово'),
(539,	'Кумылженская'),
(540,	'Ленинск'),
(541,	'Михайловка'),
(542,	'Нехаевский'),
(543,	'Николаевск'),
(544,	'Новоаннинский'),
(545,	'Новониколаевский'),
(546,	'Ольховка'),
(547,	'Палласовка'),
(548,	'Рудня'),
(549,	'Светлый Яр'),
(550,	'Серафимович'),
(551,	'Средняя Ахтуба'),
(552,	'Сталинград'),
(553,	'Старая Полтавка'),
(554,	'Суровикино'),
(555,	'Урюпинск'),
(556,	'Фролово'),
(557,	'Чернышковский'),
(558,	'Бабаево'),
(559,	'Белозерск'),
(560,	'Великий Устюг'),
(561,	'Верховажье'),
(562,	'Вожега'),
(563,	'Вологда'),
(564,	'Вохтога'),
(565,	'Вытегра'),
(566,	'Грязовец'),
(567,	'Кадников'),
(568,	'Кадуй'),
(569,	'Кичменгский Городок'),
(570,	'Липин Бор'),
(571,	'Никольск'),
(572,	'Нюксеница'),
(573,	'Сокол'),
(574,	'Сямжа'),
(575,	'Тарногский Городок'),
(576,	'Тотьма'),
(577,	'Устюжна'),
(578,	'Харовск'),
(579,	'Чагода'),
(580,	'Череповец'),
(581,	'Шексна'),
(582,	'Шуйское'),
(583,	'Анна'),
(584,	'Бобров'),
(585,	'Богучар'),
(586,	'Борисоглебск'),
(587,	'Бутурлиновка'),
(588,	'Верхний Мамон'),
(589,	'Верхняя Хава'),
(590,	'Воробьевка'),
(591,	'Воронеж'),
(592,	'Грибановский'),
(593,	'Давыдовка'),
(594,	'Елань-Коленовский'),
(595,	'Калач'),
(596,	'Кантемировка'),
(597,	'Лиски'),
(598,	'Нижнедевицк'),
(599,	'Новая Усмань'),
(600,	'Новохоперск'),
(601,	'Ольховатка'),
(602,	'Острогожск'),
(603,	'Павловск'),
(604,	'Панино'),
(605,	'Петропавловка'),
(606,	'Поворино'),
(607,	'Подгоренский'),
(608,	'Рамонь'),
(609,	'Репьевка'),
(610,	'Россошь'),
(611,	'Семилуки'),
(612,	'Таловая'),
(613,	'Терновка'),
(614,	'Хохольский'),
(615,	'Эртиль'),
(616,	'нововоронеж'),
(617,	'Агвали'),
(618,	'Акуша'),
(619,	'Ахты'),
(620,	'Ачису'),
(621,	'Бабаюрт'),
(622,	'Бежта'),
(623,	'Ботлих'),
(624,	'Буйнакск'),
(625,	'Вачи'),
(626,	'Гергебиль'),
(627,	'Гуниб'),
(628,	'Дагестанские Огни'),
(629,	'Дербент'),
(630,	'Дылым'),
(631,	'Ершовка'),
(632,	'Избербаш'),
(633,	'Карабудахкент'),
(634,	'Карата'),
(635,	'Каспийск'),
(636,	'Касумкент'),
(637,	'Кизилюрт'),
(638,	'Кизляр'),
(639,	'Кочубей'),
(640,	'Кумух'),
(641,	'Курах'),
(642,	'Магарамкент'),
(643,	'Маджалис'),
(644,	'Махачкала'),
(645,	'Мехельта'),
(646,	'Новолакское'),
(647,	'Рутул'),
(648,	'Советское'),
(649,	'Тарумовка'),
(650,	'Терекли-Мектеб'),
(651,	'Тлярата'),
(652,	'Тпиг'),
(653,	'Уркарах'),
(654,	'Хасавюрт'),
(655,	'Хив'),
(656,	'Хунзах'),
(657,	'Цуриб'),
(658,	'Южно-Сухокумск'),
(659,	'Биробиджан'),
(660,	'Архиповка'),
(661,	'Верхний Ландех'),
(662,	'Вичуга'),
(663,	'Гаврилов Посад'),
(664,	'Долматовский'),
(665,	'Дуляпино'),
(666,	'Заволжск'),
(667,	'Заречный'),
(668,	'Иваново'),
(669,	'Иваньковский'),
(670,	'Ильинское-Хованское'),
(671,	'Каминский'),
(672,	'Кинешма'),
(673,	'Комсомольск'),
(674,	'Кохма'),
(675,	'Лух'),
(676,	'Палех'),
(677,	'Пестяки'),
(678,	'Приволжск'),
(679,	'Пучеж'),
(680,	'Родники'),
(681,	'Савино'),
(682,	'Сокольское'),
(683,	'Тейково'),
(684,	'Фурманов'),
(685,	'Шуя'),
(686,	'Южа'),
(687,	'Юрьевец'),
(688,	'Алексеевск'),
(689,	'Алзамай'),
(690,	'Алыгжер'),
(691,	'Ангарск'),
(692,	'Артемовский'),
(693,	'Атагай'),
(694,	'Байкал'),
(695,	'Байкальск'),
(696,	'Балаганск'),
(697,	'Баяндай'),
(698,	'Бирюсинск'),
(699,	'Бодайбо'),
(700,	'Большая Речка'),
(701,	'Большой Луг'),
(702,	'Бохан'),
(703,	'Братск'),
(704,	'Видим'),
(705,	'Витимский'),
(706,	'Вихоревка'),
(707,	'Еланцы'),
(708,	'Ербогачен'),
(709,	'Железногорск-Илимский'),
(710,	'Жигалово'),
(711,	'Забитуй'),
(712,	'Залари'),
(713,	'Звездный'),
(714,	'Зима'),
(715,	'Иркутск'),
(716,	'Казачинское'),
(717,	'Качуг'),
(718,	'Квиток'),
(719,	'Киренск'),
(720,	'Куйтун'),
(721,	'Култук'),
(722,	'Кутулик'),
(723,	'Мама'),
(724,	'Нижнеудинск'),
(725,	'Оса'),
(726,	'Саянск'),
(727,	'Слюдянка'),
(728,	'Тайшет'),
(729,	'Тулун'),
(730,	'Усолье-Сибирское'),
(731,	'Усть-Илимск'),
(732,	'Усть-Кут'),
(733,	'Усть-Ордынский'),
(734,	'Усть-Уда'),
(735,	'Черемхово'),
(736,	'Чунский'),
(737,	'Шелехов'),
(738,	'Баксан'),
(739,	'Майский'),
(740,	'Нальчик'),
(741,	'Нарткала'),
(742,	'Прохладный'),
(743,	'Советское'),
(744,	'Терек'),
(745,	'Тырныауз'),
(746,	'Чегем-Первый'),
(747,	'Багратионовск'),
(748,	'Балтийск'),
(749,	'Гвардейск'),
(750,	'Гурьевск'),
(751,	'Гусев'),
(752,	'Железнодорожный'),
(753,	'Зеленоградск'),
(754,	'Знаменск'),
(755,	'Кёнигсберг'),
(756,	'Калининград'),
(757,	'Кенисберг'),
(758,	'Краснознаменск'),
(759,	'Мамоново'),
(760,	'Неман'),
(761,	'Нестеров'),
(762,	'Озерск'),
(763,	'Полесск'),
(764,	'Правдинск'),
(765,	'Светлогорск'),
(766,	'Светлый'),
(767,	'Славск'),
(768,	'Советск'),
(769,	'Черняховск'),
(770,	'Аршань'),
(771,	'Каспийский'),
(772,	'Комсомольский'),
(773,	'Малые Дербеты'),
(774,	'Приютное'),
(775,	'Советское'),
(776,	'Троицкое'),
(777,	'Утта'),
(778,	'Цаган-Аман'),
(779,	'Элиста'),
(780,	'Юста'),
(781,	'Яшалта'),
(782,	'Яшкуль'),
(783,	'Бабынино'),
(784,	'Балабаново'),
(785,	'Барятино'),
(786,	'Белоусово'),
(787,	'Бетлица'),
(788,	'Боровск'),
(789,	'Дугна'),
(790,	'Дудоровский'),
(791,	'Думиничи'),
(792,	'Еленский'),
(793,	'Жиздра'),
(794,	'Износки'),
(795,	'Калуга'),
(796,	'Киров'),
(797,	'Козельск'),
(798,	'Кондрово'),
(799,	'Людиново'),
(800,	'Малоярославец'),
(801,	'Медынь'),
(802,	'Мещовск'),
(803,	'Мосальск'),
(804,	'Обнинск'),
(805,	'Перемышль'),
(806,	'Спас-Деменск'),
(807,	'Сухиничи'),
(808,	'Таруса'),
(809,	'Ульяново'),
(810,	'Ферзиково'),
(811,	'Хвастовичи'),
(812,	'Юхнов'),
(813,	'Атласово'),
(814,	'Аянка'),
(815,	'Большерецк'),
(816,	'Вилючинск'),
(817,	'Елизово'),
(818,	'Ильпырский'),
(819,	'Каменское'),
(820,	'Кировский'),
(821,	'Ключи'),
(822,	'Крапивная'),
(823,	'Мильково'),
(824,	'Никольское'),
(825,	'Озерновский'),
(826,	'Оссора'),
(827,	'Палана'),
(828,	'Парень'),
(829,	'Пахачи'),
(830,	'Петропавловск-Камчатский'),
(831,	'Тигиль'),
(832,	'Тиличики'),
(833,	'Усть-Большерецк'),
(834,	'Усть-Камчатск'),
(835,	'Амбарный'),
(836,	'Беломорск'),
(837,	'Валаам'),
(838,	'Вирандозеро'),
(839,	'Гирвас'),
(840,	'Деревянка'),
(841,	'Идель'),
(842,	'Ильинский'),
(843,	'Импалахти'),
(844,	'Калевала'),
(845,	'Кемь'),
(846,	'Кестеньга'),
(847,	'Кондопога'),
(848,	'Костомукша'),
(849,	'Лахденпохья'),
(850,	'Лоухи'),
(851,	'Медвежьегорск'),
(852,	'Муезерский'),
(853,	'Олонец'),
(854,	'Петрозаводск'),
(855,	'Питкяранта'),
(856,	'Повенец'),
(857,	'Пряжа'),
(858,	'Пудож'),
(859,	'Сегежа'),
(860,	'Сортавала'),
(861,	'Софпорог'),
(862,	'Суоярви'),
(863,	'Анжеро-Судженск'),
(864,	'Барзас'),
(865,	'Белово'),
(866,	'Белогорск'),
(867,	'Березовский'),
(868,	'Грамотеино'),
(869,	'Гурьевск'),
(870,	'Ижморский'),
(871,	'Итатский'),
(872,	'Калтан'),
(873,	'Кедровка'),
(874,	'Кемерово'),
(875,	'Киселевск'),
(876,	'Крапивинский'),
(877,	'Ленинск-Кузнецкий'),
(878,	'Мариинск'),
(879,	'Междуреченск'),
(880,	'Мыски'),
(881,	'Новокузнецк'),
(882,	'Осинники'),
(883,	'Прокопьевск'),
(884,	'Промышленная'),
(885,	'Тайга'),
(886,	'Таштагол'),
(887,	'Тисуль'),
(888,	'Топки'),
(889,	'Тяжинский'),
(890,	'Юрга'),
(891,	'Яшкино'),
(892,	'Яя'),
(893,	'Арбаж'),
(894,	'Аркуль'),
(895,	'Белая Холуница'),
(896,	'Богородское'),
(897,	'Боровой'),
(898,	'Верхошижемье'),
(899,	'Вятские Поляны'),
(900,	'Зуевка'),
(901,	'Каринторф'),
(902,	'Кикнур'),
(903,	'Кильмезь'),
(904,	'Киров'),
(905,	'Кирово-Чепецк'),
(906,	'Кирс'),
(907,	'Кобра'),
(908,	'Котельнич'),
(909,	'Кумены'),
(910,	'Ленинское'),
(911,	'Луза'),
(912,	'Малмыж'),
(913,	'Мураши'),
(914,	'Нагорск'),
(915,	'Нема'),
(916,	'Нововятск'),
(917,	'Нолинск'),
(918,	'Омутнинск'),
(919,	'Опарино'),
(920,	'Оричи'),
(921,	'Пижанка'),
(922,	'Подосиновец'),
(923,	'Санчурск'),
(924,	'Свеча'),
(925,	'Слободской'),
(926,	'Советск'),
(927,	'Суна'),
(928,	'Тужа'),
(929,	'Уни'),
(930,	'Уржум'),
(931,	'Фаленки'),
(932,	'Халтурин'),
(933,	'Юрья'),
(934,	'Яранск'),
(935,	'Абезь'),
(936,	'Айкино'),
(937,	'Верхняя Инта'),
(938,	'Визинга'),
(939,	'Водный'),
(940,	'Вожаель'),
(941,	'Воркута'),
(942,	'Вуктыл'),
(943,	'Гешарт'),
(944,	'Елецкий'),
(945,	'Емва'),
(946,	'Заполярный'),
(947,	'Ижма'),
(948,	'Инта'),
(949,	'Ираель'),
(950,	'Каджером'),
(951,	'Кажым'),
(952,	'Кожым'),
(953,	'Койгородок'),
(954,	'Корткерос'),
(955,	'Кослан'),
(956,	'Объячево'),
(957,	'Печора'),
(958,	'Сосногорск'),
(959,	'Сыктывкар'),
(960,	'Троицко-Печерск'),
(961,	'Усинск'),
(962,	'Усогорск'),
(963,	'Усть-Кулом'),
(964,	'Усть-Цильма'),
(965,	'Ухта'),
(966,	'Антропово'),
(967,	'Боговарово'),
(968,	'Буй'),
(969,	'Волгореченск'),
(970,	'Галич'),
(971,	'Горчуха'),
(972,	'Зебляки'),
(973,	'Кадый'),
(974,	'Кологрив'),
(975,	'Кострома'),
(976,	'Красное-на-Волге'),
(977,	'Макарьев'),
(978,	'Мантурово'),
(979,	'Нерехта'),
(980,	'Нея'),
(981,	'Островское'),
(982,	'Павино'),
(983,	'Парфентьево'),
(984,	'Поназырево'),
(985,	'Солигалич'),
(986,	'Судиславль'),
(987,	'Сусанино'),
(988,	'Чухлома'),
(989,	'Шарья'),
(990,	'Шемятино'),
(991,	'Абинск'),
(992,	'Абрау-Дюрсо'),
(993,	'Анапа'),
(994,	'Апшеронск'),
(995,	'Армавир'),
(996,	'Архипо-Осиповка'),
(997,	'Афипский'),
(998,	'Ахтырский'),
(999,	'Ачуево'),
(1000,	'Белореченск'),
(1001,	'Верхнебаканский'),
(1002,	'Выселки'),
(1003,	'Геленджик'),
(1004,	'Гиагинская'),
(1005,	'Горячий Ключ'),
(1006,	'Джубга'),
(1007,	'Динская'),
(1008,	'Ейск'),
(1009,	'Ильский'),
(1010,	'Кабардинка'),
(1011,	'Калинино'),
(1012,	'Калининская'),
(1013,	'Каменномостский'),
(1014,	'Каневская'),
(1015,	'Кореновск'),
(1016,	'Красноармейская'),
(1017,	'Краснодар'),
(1018,	'Кропоткин'),
(1019,	'Крыловская'),
(1020,	'Крымск'),
(1021,	'Курганинск'),
(1022,	'Кущевская'),
(1023,	'Лабинск'),
(1024,	'Лениградская'),
(1025,	'Майкоп'),
(1026,	'Мостовской'),
(1027,	'Новороссийск'),
(1028,	'Отрадная'),
(1029,	'Павловская'),
(1030,	'Приморско-Ахтарск'),
(1031,	'Северская'),
(1032,	'Славянск-на-Кубани'),
(1033,	'Сочи'),
(1034,	'Староминская'),
(1035,	'Старощербиновская'),
(1036,	'Тбилисская'),
(1037,	'Темрюк'),
(1038,	'Тимашевск'),
(1039,	'Тихорецк'),
(1040,	'Туапсе'),
(1041,	'Тульский'),
(1042,	'Усть-Лабинск'),
(1043,	'Шовгеновский'),
(1044,	' Железногорск'),
(1045,	'Абаза'),
(1046,	'Абакан'),
(1047,	'Абан'),
(1048,	'Агинское'),
(1049,	'Артемовск'),
(1050,	'Аскиз'),
(1051,	'Ачинск'),
(1052,	'Байкит'),
(1053,	'Балахта'),
(1054,	'Балыкса'),
(1055,	'Белый Яр'),
(1056,	'Бельтырский'),
(1057,	'Бея'),
(1058,	'Бискамжа'),
(1059,	'Боготол'),
(1060,	'Боград'),
(1061,	'Богучаны'),
(1062,	'Большая Мурта'),
(1063,	'Большой Улуй'),
(1064,	'Бородино'),
(1065,	'Ванавара'),
(1066,	'Верхнеимбатск'),
(1067,	'Горячегорск'),
(1068,	'Дзержинское'),
(1069,	'Дивногорск'),
(1070,	'Диксон'),
(1071,	'Дудинка'),
(1072,	'Емельяново'),
(1073,	'Енисейск'),
(1074,	'Ермаковское'),
(1075,	'Заозерный'),
(1076,	'Зеленогорск'),
(1077,	'Игарка'),
(1078,	'Идринское'),
(1079,	'Иланский'),
(1080,	'Ирбейское'),
(1081,	'Казачинское'),
(1082,	'Канск'),
(1083,	'Каратузское'),
(1084,	'Караул'),
(1085,	'Кежма'),
(1086,	'Кодинск'),
(1087,	'Козулька'),
(1088,	'Копьево'),
(1089,	'Краснотуранск'),
(1090,	'Красноярск'),
(1091,	'Курагино'),
(1092,	'Лесосибирск'),
(1093,	'Минусинск'),
(1094,	'Мотыгино'),
(1095,	'Назарово'),
(1096,	'Нижний Ингаш'),
(1097,	'Новоселово'),
(1098,	'Норильск'),
(1099,	'Партизанское'),
(1100,	'Пировское'),
(1101,	'Саяногорск'),
(1102,	'Северо-Енисейский'),
(1103,	'Сосновоборск'),
(1104,	'Тасеево'),
(1105,	'Таштып'),
(1106,	'Тура'),
(1107,	'Туруханск'),
(1108,	'Тюхтет'),
(1109,	'Ужур'),
(1110,	'Усть-Авам'),
(1111,	'Уяр'),
(1112,	'Хатанга'),
(1113,	'Черемушки'),
(1114,	'Черногорск'),
(1115,	'Шалинское'),
(1116,	'Шарыпово'),
(1117,	'Шира'),
(1118,	'Шушенское'),
(1119,	'Варгаши'),
(1120,	'Глядянское'),
(1121,	'Далматово'),
(1122,	'Каргаполье'),
(1123,	'Катайск'),
(1124,	'Кетово'),
(1125,	'Курган'),
(1126,	'Куртамыш'),
(1127,	'Лебяжье'),
(1128,	'Макушино'),
(1129,	'Мишкино'),
(1130,	'Мокроусово'),
(1131,	'Петухово'),
(1132,	'Половинное'),
(1133,	'Сафакулево'),
(1134,	'Целинное'),
(1135,	'Шадринск'),
(1136,	'Шатрово'),
(1137,	'Шумиха'),
(1138,	'Щучье'),
(1139,	'Юргамыш'),
(1140,	'Альменево'),
(1141,	'Белая'),
(1142,	'Большое Солдатское'),
(1143,	'Глушково'),
(1144,	'Горшечное'),
(1145,	'Дмитриев-Льговский'),
(1146,	'Железногорск'),
(1147,	'Золотухино'),
(1148,	'Касторное'),
(1149,	'Конышевка'),
(1150,	'Коренево'),
(1151,	'Курск'),
(1152,	'Курчатов'),
(1153,	'Кшенский'),
(1154,	'Льгов'),
(1155,	'Мантурово'),
(1156,	'Медвенка'),
(1157,	'Обоянь'),
(1158,	'Поныри'),
(1159,	'Пристень'),
(1160,	'Прямицыно'),
(1161,	'Рыльск'),
(1162,	'Суджа'),
(1163,	'Тим'),
(1164,	'Фатеж'),
(1165,	'Хомутовка'),
(1166,	'Черемисиново'),
(1167,	'Щигры'),
(1168,	'Грязи'),
(1169,	'Данхов'),
(1170,	'Доброе'),
(1171,	'Долгоруково'),
(1172,	'Елец'),
(1173,	'Задонск'),
(1174,	'Измалково'),
(1175,	'Казинка'),
(1176,	'Лебедянь'),
(1177,	'Лев Толстой'),
(1178,	'Липецк'),
(1179,	'Тербуны'),
(1180,	'Усмань'),
(1181,	'Хлевное'),
(1182,	'Чаплыгин'),
(1183,	'Анадырь'),
(1184,	'Атка'),
(1185,	'Балыгычан'),
(1186,	'Беринговский'),
(1187,	'Билибино'),
(1188,	'Большевик'),
(1189,	'Ванкарем'),
(1190,	'Иульитин'),
(1191,	'Кадыкчан'),
(1192,	'Лаврентия'),
(1193,	'Магадан'),
(1194,	'Мыс Шмидта'),
(1195,	'Ола'),
(1196,	'Омонск'),
(1197,	'Омсукчан'),
(1198,	'Палатка'),
(1199,	'Певек'),
(1200,	'Провидения'),
(1201,	'Сеймчан'),
(1202,	'Синегорье'),
(1203,	'Сусуман'),
(1204,	'Усть-Белая'),
(1205,	'Усть-Омчуг'),
(1206,	'Эвенск'),
(1207,	'Эгвекинот'),
(1208,	'Ягодное'),
(1209,	'Волжск'),
(1210,	'Дубовский'),
(1211,	'Звенигово'),
(1212,	'Йошкар-Ола'),
(1213,	'Килемары'),
(1214,	'Козьмодемьянск'),
(1215,	'Куженер'),
(1216,	'Мари-Турек'),
(1217,	'Медведево'),
(1218,	'Морки'),
(1219,	'Новый Торьял'),
(1220,	'Оршанка'),
(1221,	'Параньга'),
(1222,	'Сернур'),
(1223,	'Советский'),
(1224,	'Юрино'),
(1225,	'Ардатов'),
(1226,	'Атюрьево'),
(1227,	'Атяшево'),
(1228,	'Большие Березники'),
(1229,	'Большое Игнатово'),
(1230,	'Выша'),
(1231,	'Ельники'),
(1232,	'Зубова Поляна'),
(1233,	'Инсар'),
(1234,	'Кадошкино'),
(1235,	'Кемля'),
(1236,	'Ковылкино'),
(1237,	'Комсомольский'),
(1238,	'Кочкурово'),
(1239,	'Краснослободск'),
(1240,	'Лямбирь'),
(1241,	'Ромоданово'),
(1242,	'Рузаевка'),
(1243,	'Саранск'),
(1244,	'Старое Шайгово'),
(1245,	'Темников'),
(1246,	'Теньгушево'),
(1247,	'Торбеево'),
(1248,	'Чамзинка'),
(1249,	'Апатиты'),
(1250,	'Африканда'),
(1251,	'Верхнетуломский'),
(1252,	'Заозерск'),
(1253,	'Заполярный'),
(1254,	'Зареченск'),
(1255,	'Зашеек'),
(1256,	'Зеленоборский'),
(1257,	'Кандалакша'),
(1258,	'Кильдинстрой'),
(1259,	'Кировск'),
(1260,	'Ковдор'),
(1261,	'Кола'),
(1262,	'Конда'),
(1263,	'Мончегорск'),
(1264,	'Мурманск'),
(1265,	'Мурмаши'),
(1266,	'Никель'),
(1267,	'Оленегорск'),
(1268,	'Полярные Зори'),
(1269,	'Полярный'),
(1270,	'Североморск'),
(1271,	'Снежногорск'),
(1272,	'Умба'),
(1273,	'Ардатов'),
(1274,	'Арзамас'),
(1275,	'Арья'),
(1276,	'Балахна'),
(1277,	'Богородск'),
(1278,	'Большереченск'),
(1279,	'Большое Болдино'),
(1280,	'Большое Козино'),
(1281,	'Большое Мурашкино'),
(1282,	'Большое Пикино'),
(1283,	'Бор'),
(1284,	'Бутурлино'),
(1285,	'Вад'),
(1286,	'Варнавино'),
(1287,	'Васильсурск'),
(1288,	'Вахтан'),
(1289,	'Вача'),
(1290,	'Велетьма'),
(1291,	'Ветлуга'),
(1292,	'Виля'),
(1293,	'Вознесенское'),
(1294,	'Володарск'),
(1295,	'Воротынец'),
(1296,	'Ворсма'),
(1297,	'Воскресенское'),
(1298,	'Выездное'),
(1299,	'Выкса'),
(1300,	'Гагино'),
(1301,	'Гидроторф'),
(1302,	'Горбатов'),
(1303,	'Горбатовка'),
(1304,	'Городец'),
(1305,	'Горький'),
(1306,	'Дальнее Константиново'),
(1307,	'Дзержинск'),
(1308,	'Дивеево'),
(1309,	'Досчатое'),
(1310,	'Заволжье'),
(1311,	'Катунки'),
(1312,	'Керженец'),
(1313,	'Княгинино'),
(1314,	'Ковернино'),
(1315,	'Красные Баки'),
(1316,	'Кстово'),
(1317,	'Кулебаки'),
(1318,	'Лукоянов'),
(1319,	'Лысково'),
(1320,	'Навашино'),
(1321,	'Нижний Новгород'),
(1322,	'Павлово'),
(1323,	'Первомайск'),
(1324,	'Перевоз'),
(1325,	'Пильна'),
(1326,	'Починки'),
(1327,	'Саров'),
(1328,	'Сергач'),
(1329,	'Сеченово'),
(1330,	'Сосновское'),
(1331,	'Спасское'),
(1332,	'Тонкино'),
(1333,	'Тоншаево'),
(1334,	'Уразовка'),
(1335,	'Урень'),
(1336,	'Чкаловск'),
(1337,	'Шаранга'),
(1338,	'Шатки'),
(1339,	'Шахунья'),
(1340,	'Анциферово'),
(1341,	'Батецкий'),
(1342,	'Большая Вишера'),
(1343,	'Боровичи'),
(1344,	'Валдай'),
(1345,	'Волот'),
(1346,	'Деманск'),
(1347,	'Зарубино'),
(1348,	'Кресцы'),
(1349,	'Любытино'),
(1350,	'Малая Вишера'),
(1351,	'Марево'),
(1352,	'Мошенское'),
(1353,	'Новгород'),
(1354,	'Окуловка'),
(1355,	'Парфино'),
(1356,	'Пестово'),
(1357,	'Поддорье'),
(1358,	'Сольцы'),
(1359,	'Старая Русса'),
(1360,	'Хвойное'),
(1361,	'Холм'),
(1362,	'Чудово'),
(1363,	'Шимск'),
(1364,	'Баган'),
(1365,	'Барабинск'),
(1366,	'Бердск'),
(1367,	'Биаза'),
(1368,	'Болотное'),
(1369,	'Венгерово'),
(1370,	'Довольное'),
(1371,	'Завьялово'),
(1372,	'Искитим'),
(1373,	'Карасук'),
(1374,	'Каргат'),
(1375,	'Колывань'),
(1376,	'Краснозерское'),
(1377,	'Крутиха'),
(1378,	'Куйбышев'),
(1379,	'Купино'),
(1380,	'Кыштовка'),
(1381,	'Маслянино'),
(1382,	'Михайловский'),
(1383,	'Мошково'),
(1384,	'Новосибирск'),
(1385,	'Ордынское'),
(1386,	'Северное'),
(1387,	'Сузун'),
(1388,	'Татарск'),
(1389,	'Тогучин'),
(1390,	'Убинское'),
(1391,	'Усть-Тарка'),
(1392,	'Чаны'),
(1393,	'Черепаново'),
(1394,	'Чистоозерное'),
(1395,	'Чулым'),
(1396,	'Береговой'),
(1397,	'Большеречье'),
(1398,	'Большие Уки'),
(1399,	'Горьковское'),
(1400,	'Знаменское'),
(1401,	'Исилькуль'),
(1402,	'Калачинск'),
(1403,	'Колосовка'),
(1404,	'Кормиловка'),
(1405,	'Крутинка'),
(1406,	'Любинский'),
(1407,	'Марьяновка'),
(1408,	'Муромцево'),
(1409,	'Называевск'),
(1410,	'Нижняя Омка'),
(1411,	'Нововаршавка'),
(1412,	'Одесское'),
(1413,	'Оконешниково'),
(1414,	'Омск'),
(1415,	'Павлоградка'),
(1416,	'Полтавка'),
(1417,	'Русская Поляна'),
(1418,	'Саргатское'),
(1419,	'Седельниково'),
(1420,	'Таврическое'),
(1421,	'Тара'),
(1422,	'Тевриз'),
(1423,	'Тюкалинск'),
(1424,	'Усть-Ишим'),
(1425,	'Черлак'),
(1426,	'Шербакуль'),
(1427,	'Абдулино'),
(1428,	'Адамовка'),
(1429,	'Айдырлинский'),
(1430,	'Акбулак'),
(1431,	'Аккермановка'),
(1432,	'Асекеево'),
(1433,	'Беляевка'),
(1434,	'Бугуруслан'),
(1435,	'Бузулук'),
(1436,	'Гай'),
(1437,	'Грачевка'),
(1438,	'Домбаровский'),
(1439,	'Дубенский'),
(1440,	'Илек'),
(1441,	'Ириклинский'),
(1442,	'Кувандык'),
(1443,	'Курманаевка'),
(1444,	'Матвеевка'),
(1445,	'Медногорск'),
(1446,	'Новоорск'),
(1447,	'Новосергиевка'),
(1448,	'Новотроицк'),
(1449,	'Октябрьское'),
(1450,	'Оренбург'),
(1451,	'Орск'),
(1452,	'Первомайский'),
(1453,	'Переволоцкий'),
(1454,	'Пономаревка'),
(1455,	'Саракташ'),
(1456,	'Светлый'),
(1457,	'Северное'),
(1458,	'Соль-Илецк'),
(1459,	'Сорочинск'),
(1460,	'Ташла'),
(1461,	'Тоцкое'),
(1462,	'Тюльган'),
(1463,	'Шарлык'),
(1464,	'Энергетик'),
(1465,	'Ясный'),
(1466,	'Болхов'),
(1467,	'Верховье'),
(1468,	'Глазуновка'),
(1469,	'Дмитровск-Орловский'),
(1470,	'Долгое'),
(1471,	'Залегощь'),
(1472,	'Змиевка'),
(1473,	'Знаменское'),
(1474,	'Колпны'),
(1475,	'Красная Заря'),
(1476,	'Кромы'),
(1477,	'Ливны'),
(1478,	'Малоархангельск'),
(1479,	'Мценск'),
(1480,	'Нарышкино'),
(1481,	'Новосиль'),
(1482,	'Орел'),
(1483,	'Покровское'),
(1484,	'Сосково'),
(1485,	'Тросна'),
(1486,	'Хомутово'),
(1487,	'Хотынец'),
(1488,	'Шаблыкино'),
(1489,	'Башмаково'),
(1490,	'Беднодемьяновск'),
(1491,	'Беково'),
(1492,	'Белинский'),
(1493,	'Бессоновка'),
(1494,	'Вадинск'),
(1495,	'Верхозим'),
(1496,	'Городище'),
(1497,	'Евлашево'),
(1498,	'Земетчино'),
(1499,	'Золотаревка'),
(1500,	'Исса'),
(1501,	'Каменка'),
(1502,	'Колышлей'),
(1503,	'Кондоль'),
(1504,	'Кузнецк'),
(1505,	'Лопатино'),
(1506,	'Малая Сердоба'),
(1507,	'Мокшан'),
(1508,	'Наровчат'),
(1509,	'Неверкино'),
(1510,	'Нижний Ломов'),
(1511,	'Никольск'),
(1512,	'Пачелма'),
(1513,	'Пенза'),
(1514,	'Русский Камешкир'),
(1515,	'Сердобск'),
(1516,	'Сосновоборск'),
(1517,	'Сура'),
(1518,	'Тамала'),
(1519,	'Шемышейка'),
(1520,	'Барда'),
(1521,	'Березники'),
(1522,	'Большая Соснова'),
(1523,	'Верещагино'),
(1524,	'Гайны'),
(1525,	'Горнозаводск'),
(1526,	'Гремячинск'),
(1527,	'Губаха'),
(1528,	'Добрянка'),
(1529,	'Елово'),
(1530,	'Зюкайка'),
(1531,	'Ильинский'),
(1532,	'Карагай'),
(1533,	'Керчевский'),
(1534,	'Кизел'),
(1535,	'Коса'),
(1536,	'Кочево'),
(1537,	'Красновишерск'),
(1538,	'Краснокамск'),
(1539,	'Кудымкар'),
(1540,	'Куеда'),
(1541,	'Кунгур'),
(1542,	'Лысьва'),
(1543,	'Ныроб'),
(1544,	'Нытва'),
(1545,	'Октябрьский'),
(1546,	'Орда'),
(1547,	'Оса'),
(1548,	'Оханск'),
(1549,	'Очер'),
(1550,	'Пермь'),
(1551,	'Соликамск'),
(1552,	'Суксун'),
(1553,	'Уинское'),
(1554,	'Усолье'),
(1555,	'Усть-Кишерть'),
(1556,	'Чайковский'),
(1557,	'Частые'),
(1558,	'Чердынь'),
(1559,	'Чернореченский'),
(1560,	'Чернушка'),
(1561,	'Чусовой'),
(1562,	'Юрла'),
(1563,	'Юсьва'),
(1564,	'Анучино'),
(1565,	'Арсеньев'),
(1566,	'Артем'),
(1567,	'Артемовский'),
(1568,	'Большой Камень'),
(1569,	'Валентин'),
(1570,	'Владивосток'),
(1571,	'Высокогорск'),
(1572,	'Горные Ключи'),
(1573,	'Горный'),
(1574,	'Дальнегорск'),
(1575,	'Дальнереченск'),
(1576,	'Зарубино'),
(1577,	'Кавалерово'),
(1578,	'Каменка'),
(1579,	'Камень-Рыболов'),
(1580,	'Кировский'),
(1581,	'Лазо'),
(1582,	'Лесозаводск'),
(1583,	'Лучегорск'),
(1584,	'Михайловка'),
(1585,	'Находка'),
(1586,	'Новопокровка'),
(1587,	'Ольга'),
(1588,	'Партизанск'),
(1589,	'Пограничный'),
(1590,	'Покровка'),
(1591,	'Русский'),
(1592,	'Самарга'),
(1593,	'Славянка'),
(1594,	'Спасск-Дальний'),
(1595,	'Терней'),
(1596,	'Уссурийск'),
(1597,	'Фокино'),
(1598,	'Хасан'),
(1599,	'Хороль'),
(1600,	'Черниговка'),
(1601,	'Чугуевка'),
(1602,	'Яковлевка'),
(1603,	'Бежаницы'),
(1604,	'Великие Луки'),
(1605,	'Гдов'),
(1606,	'Дедовичи'),
(1607,	'Дно'),
(1608,	'Заплюсье'),
(1609,	'Идрица'),
(1610,	'Красногородское'),
(1611,	'Кунья'),
(1612,	'Локня'),
(1613,	'Невель'),
(1614,	'Новоржев'),
(1615,	'Новосокольники'),
(1616,	'Опочка'),
(1617,	'Остров'),
(1618,	'Палкино'),
(1619,	'Печоры'),
(1620,	'Плюсса'),
(1621,	'Порхов'),
(1622,	'Псков'),
(1623,	'Пустошка'),
(1624,	'Пушкинские Горы'),
(1625,	'Пыталово'),
(1626,	'Себеж'),
(1627,	'Струги-Красные'),
(1628,	'Усвяты'),
(1629,	'Азов'),
(1630,	'Аксай'),
(1631,	'Алмазный'),
(1632,	'Аютинск'),
(1633,	'Багаевский'),
(1634,	'Батайск'),
(1635,	'Белая Калитва'),
(1636,	'Боковская'),
(1637,	'Большая Мартыновка'),
(1638,	'Вешенская'),
(1639,	'Волгодонск'),
(1640,	'Восход'),
(1641,	'Гигант'),
(1642,	'Горняцкий'),
(1643,	'Гуково'),
(1644,	'Донецк'),
(1645,	'Донской'),
(1646,	'Дубовское'),
(1647,	'Егорлыкская'),
(1648,	'Жирнов'),
(1649,	'Заветное'),
(1650,	'Заводской'),
(1651,	'Зверево'),
(1652,	'Зерноград'),
(1653,	'Зимовники'),
(1654,	'Кагальницкая'),
(1655,	'Казанская'),
(1656,	'Каменоломни'),
(1657,	'Каменск-Шахтинский'),
(1658,	'Кашары'),
(1659,	'Коксовый'),
(1660,	'Константиновск'),
(1661,	'Красный Сулин'),
(1662,	'Куйбышево'),
(1663,	'Матвеев Курган'),
(1664,	'Мигулинская'),
(1665,	'Миллерово'),
(1666,	'Милютинская'),
(1667,	'Морозовск'),
(1668,	'Новочеркасск'),
(1669,	'Новошахтинск'),
(1670,	'Обливская'),
(1671,	'Орловский'),
(1672,	'Песчанокопское'),
(1673,	'Покровское'),
(1674,	'Пролетарск'),
(1675,	'Ремонтное'),
(1676,	'Родионово-Несветайская'),
(1677,	'Ростов-на-Дону'),
(1678,	'Сальск'),
(1679,	'Семикаракорск'),
(1680,	'Таганрог'),
(1681,	'Тарасовский'),
(1682,	'Тацинский'),
(1683,	'Усть-Донецкий'),
(1684,	'Целина'),
(1685,	'Цимлянск'),
(1686,	'Чалтырь'),
(1687,	'Чертково'),
(1688,	'Шахты'),
(1689,	'Шолоховский'),
(1690,	'Александро-Невский'),
(1691,	'Горняк'),
(1692,	'Гусь Железный'),
(1693,	'Елатьма'),
(1694,	'Ермишь'),
(1695,	'Заречный'),
(1696,	'Захарово'),
(1697,	'Кадом'),
(1698,	'Касимов'),
(1699,	'Кораблино'),
(1700,	'Милославское'),
(1701,	'Михайлов'),
(1702,	'Пителино'),
(1703,	'Пронск'),
(1704,	'Путятино'),
(1705,	'Рыбное'),
(1706,	'Ряжск'),
(1707,	'Рязань'),
(1708,	'Сапожок'),
(1709,	'Сараи'),
(1710,	'Сасово'),
(1711,	'Скопин'),
(1712,	'Спас-Клепики'),
(1713,	'Спасск-Рязанский'),
(1714,	'Старожилово'),
(1715,	'Ухолово'),
(1716,	'Чучково'),
(1717,	'Шацк'),
(1718,	'Шилово'),
(1719,	'Алексеевка'),
(1720,	'Безенчук'),
(1721,	'Богатое'),
(1722,	'Богатырь'),
(1723,	'Большая Глущица'),
(1724,	'Большая Черниговка'),
(1725,	'Борское'),
(1726,	'Волжский'),
(1727,	'Жигулевск'),
(1728,	'Зольное'),
(1729,	'Исаклы'),
(1730,	'Камышла'),
(1731,	'Кинель'),
(1732,	'Кинель-Черкасы'),
(1733,	'Клявлино'),
(1734,	'Кошки'),
(1735,	'Красноармейское'),
(1736,	'Красный Яр'),
(1737,	'Куйбышев'),
(1738,	'Нефтегорск'),
(1739,	'Новокуйбышевск'),
(1740,	'Октябрьск'),
(1741,	'Отрадный'),
(1742,	'Пестравка'),
(1743,	'Похвистнево'),
(1744,	'Приволжье'),
(1745,	'Самара'),
(1746,	'Сургут (Самарская обл.)'),
(1747,	'Сызрань'),
(1748,	'Тольятти'),
(1749,	'Хворостянка'),
(1750,	'Чапаевск'),
(1751,	'Челно-Вершины'),
(1752,	'Шентала'),
(1753,	'Шигоны'),
(1754,	'Александров Гай'),
(1755,	'Аркадак'),
(1756,	'Аткарск'),
(1757,	'Базарный Карабулак'),
(1758,	'Балаково'),
(1759,	'Балашов'),
(1760,	'Балтай'),
(1761,	'Возрождение'),
(1762,	'Вольск'),
(1763,	'Воскресенское'),
(1764,	'Горный'),
(1765,	'Дергачи'),
(1766,	'Духовницкое'),
(1767,	'Екатериновка'),
(1768,	'Ершов'),
(1769,	'Заречный'),
(1770,	'Ивантеевка'),
(1771,	'Калининск'),
(1772,	'Каменский'),
(1773,	'Красноармейск'),
(1774,	'Красный Кут'),
(1775,	'Лысые Горы'),
(1776,	'Маркс'),
(1777,	'Мокроус'),
(1778,	'Новоузенск'),
(1779,	'Новые Бурасы'),
(1780,	'Озинки'),
(1781,	'Перелюб'),
(1782,	'Петровск'),
(1783,	'Питерка'),
(1784,	'Пугачев'),
(1785,	'Ровное'),
(1786,	'Романовка'),
(1787,	'Ртищево'),
(1788,	'Самойловка'),
(1789,	'Саратов'),
(1790,	'Степное'),
(1791,	'Татищево'),
(1792,	'Турки'),
(1793,	'Хвалынск'),
(1794,	'Энгельс'),
(1795,	'Абый'),
(1796,	'Алдан'),
(1797,	'Амга'),
(1798,	'Батагай'),
(1799,	'Бердигестях'),
(1800,	'Беркакит'),
(1801,	'Бестях'),
(1802,	'Борогонцы'),
(1803,	'Верхневилюйск'),
(1804,	'Верхнеколымск'),
(1805,	'Верхоянск'),
(1806,	'Вилюйск'),
(1807,	'Витим'),
(1808,	'Власово'),
(1809,	'Жиганск'),
(1810,	'Зырянка'),
(1811,	'Кангалассы'),
(1812,	'Канкунский'),
(1813,	'Ленск'),
(1814,	'Майя'),
(1815,	'Менкеря'),
(1816,	'Мирный'),
(1817,	'Нерюнгри'),
(1818,	'Нычалах'),
(1819,	'Нюрба'),
(1820,	'Олекминск'),
(1821,	'Покровск'),
(1822,	'Сангар'),
(1823,	'Саскылах'),
(1824,	'Среднеколымск'),
(1825,	'Сунтар'),
(1826,	'Тикси'),
(1827,	'Усть-Мая'),
(1828,	'Усть-Нера'),
(1829,	'Хандыга'),
(1830,	'Хонуу'),
(1831,	'Черский'),
(1832,	'Чокурдах'),
(1833,	'Чурапча'),
(1834,	'Якутск'),
(1835,	'Александровск-Сахалинский'),
(1836,	'Анбэцу'),
(1837,	'Анива'),
(1838,	'Бошняково'),
(1839,	'Быков'),
(1840,	'Вахрушев'),
(1841,	'Взморье'),
(1842,	'Гастелло'),
(1843,	'Горнозаводск'),
(1844,	'Долинск'),
(1845,	'Ильинский'),
(1846,	'Катангли'),
(1847,	'Корсаков'),
(1848,	'Курильск'),
(1849,	'Макаров'),
(1850,	'Невельск'),
(1851,	'Ноглики'),
(1852,	'Оха'),
(1853,	'Поронайск'),
(1854,	'Северо-Курильск'),
(1855,	'Смирных'),
(1856,	'Томари'),
(1857,	'Тымовское'),
(1858,	'Углегорск'),
(1859,	'Холмск'),
(1860,	'Шахтерск'),
(1861,	'Южно-Курильск'),
(1862,	'Южно-Сахалинск'),
(1863,	'Алапаевск'),
(1864,	'Алтынай'),
(1865,	'Арамиль'),
(1866,	'Артемовский'),
(1867,	'Арти'),
(1868,	'Асбест'),
(1869,	'Ачит'),
(1870,	'Байкалово'),
(1871,	'Басьяновский'),
(1872,	'Белоярский'),
(1873,	'Березовский'),
(1874,	'Богданович'),
(1875,	'Буланаш'),
(1876,	'Верхний Тагил'),
(1877,	'Верхняя Пышма'),
(1878,	'Верхняя Салда'),
(1879,	'Верхняя Синячиха'),
(1880,	'Верхняя Сысерть'),
(1881,	'Верхняя Тура'),
(1882,	'Верхотурье'),
(1883,	'Висим'),
(1884,	'Волчанск'),
(1885,	'Воронцовка'),
(1886,	'Гари'),
(1887,	'Дегтярск'),
(1888,	'Екатеринбург'),
(1889,	'Ертарский'),
(1890,	'Заводоуспенское'),
(1891,	'Зыряновский'),
(1892,	'Зюзельский'),
(1893,	'Ивдель'),
(1894,	'Изумруд'),
(1895,	'Ирбит'),
(1896,	'Ис'),
(1897,	'Каменск-Уральский'),
(1898,	'Камышлов'),
(1899,	'Карпинск'),
(1900,	'Карпунинский'),
(1901,	'Качканар'),
(1902,	'Кировград'),
(1903,	'Краснотурьинск'),
(1904,	'Красноуральск'),
(1905,	'Красноуфимск'),
(1906,	'Кушва'),
(1907,	'Лесной'),
(1908,	'Михайловск'),
(1909,	'Невьянск'),
(1910,	'Нижние Серги'),
(1911,	'Нижний Тагил'),
(1912,	'Нижняя Салда'),
(1913,	'Нижняя Тура'),
(1914,	'Новая Ляля'),
(1915,	'Новоуральск'),
(1916,	'Оус'),
(1917,	'Первоуральск'),
(1918,	'Полевской'),
(1919,	'Пышма'),
(1920,	'Ревда'),
(1921,	'Реж'),
(1922,	'Свердловск'),
(1923,	'Североуральск'),
(1924,	'Серов'),
(1925,	'Сосьва'),
(1926,	'Среднеуральск'),
(1927,	'Сухой Лог'),
(1928,	'Сысерть'),
(1929,	'Таборы'),
(1930,	'Тавда'),
(1931,	'Талица'),
(1932,	'Тугулым'),
(1933,	'Туринск'),
(1934,	'Туринская Слобода'),
(1935,	'Алагир'),
(1936,	'Ардон'),
(1937,	'Беслан'),
(1938,	'Бурон'),
(1939,	'Владикавказ'),
(1940,	'Дигора'),
(1941,	'Моздок'),
(1942,	'Орджоникидзе'),
(1943,	'Чикола'),
(1944,	'Велиж'),
(1945,	'Верхнеднепровский'),
(1946,	'Ворга'),
(1947,	'Вязьма'),
(1948,	'Гагарин'),
(1949,	'Глинка'),
(1950,	'Голынки'),
(1951,	'Демидов'),
(1952,	'Десногорск'),
(1953,	'Дорогобуж'),
(1954,	'Духовщина'),
(1955,	'Екимовичи'),
(1956,	'Ельня'),
(1957,	'Ершичи'),
(1958,	'Издешково'),
(1959,	'Кардымово'),
(1960,	'Красный'),
(1961,	'Монастырщина'),
(1962,	'Новодугино'),
(1963,	'Починок'),
(1964,	'Рославль'),
(1965,	'Рудня'),
(1966,	'Сафоново'),
(1967,	'Смоленск'),
(1968,	'Сычевка'),
(1969,	'Угра'),
(1970,	'Хиславичи'),
(1971,	'Холм-Жирковский'),
(1972,	'Шумячи'),
(1973,	'Ярцево'),
(1974,	'Александровское'),
(1975,	'Арзгир'),
(1976,	'Благодарный'),
(1977,	'Буденновск'),
(1978,	'Георгиевск'),
(1979,	'Дивное'),
(1980,	'Домбай'),
(1981,	'Донское'),
(1982,	'Ессентуки'),
(1983,	'Железноводск'),
(1984,	'Зеленокумск'),
(1985,	'Изобильный'),
(1986,	'Иноземцево'),
(1987,	'Ипатово'),
(1988,	'Карачаевск'),
(1989,	'Кисловодск'),
(1990,	'Кочубеевское'),
(1991,	'Красногвардейское'),
(1992,	'Курсавка'),
(1993,	'Левокумское'),
(1994,	'Минеральные Воды'),
(1995,	'Невинномысск'),
(1996,	'Нефтекумск'),
(1997,	'Новоалександровск'),
(1998,	'Новоалександровская'),
(1999,	'Новопавловск'),
(2000,	'Новоселицкое'),
(2001,	'Преградная'),
(2002,	'Пятигорск'),
(2003,	'Светлоград'),
(2004,	'Солнечнодольск'),
(2005,	'Ставрополь'),
(2006,	'Степное'),
(2007,	'Теберда'),
(2008,	'Усть-Джегута'),
(2009,	'Хабез'),
(2010,	'Черкесск'),
(2011,	'Бондари'),
(2012,	'Гавриловка Вторая'),
(2013,	'Жердевка'),
(2014,	'Знаменка'),
(2015,	'Инжавино'),
(2016,	'Кирсанов'),
(2017,	'Котовск'),
(2018,	'Мичуринск'),
(2019,	'Мордово'),
(2020,	'Моршанск'),
(2021,	'Мучкапский'),
(2022,	'Первомайский'),
(2023,	'Петровское'),
(2024,	'Пичаево'),
(2025,	'Рассказово'),
(2026,	'Ржакса'),
(2027,	'Староюрьево'),
(2028,	'Тамбов'),
(2029,	'Токаревка'),
(2030,	'Уварово'),
(2031,	'Умет'),
(2032,	'Агрыз'),
(2033,	'Азнакаево'),
(2034,	'Аксубаево'),
(2035,	'Актюбинский'),
(2036,	'Алексеевское'),
(2037,	'Альметьевск'),
(2038,	'Альметьевск'),
(2039,	'Апастово'),
(2040,	'Арск'),
(2041,	'Бавлы'),
(2042,	'Базарные Матаки'),
(2043,	'Балтаси'),
(2044,	'Богатые Сабы'),
(2045,	'Брежнев'),
(2046,	'Бугульма'),
(2047,	'Буинск'),
(2048,	'Васильево'),
(2049,	'Верхний Услон'),
(2050,	'Высокая Гора'),
(2051,	'Дербешкинский'),
(2052,	'Елабуга'),
(2053,	'Заинск'),
(2054,	'Зеленодольск'),
(2055,	'Казань'),
(2056,	'Камское Устье'),
(2057,	'Карабаш'),
(2058,	'Куйбышев'),
(2059,	'Кукмод'),
(2060,	'Кукмор'),
(2061,	'Лаишево'),
(2062,	'Лениногорск'),
(2063,	'Мамадыш'),
(2064,	'Менделеевск'),
(2065,	'Мензелинск'),
(2066,	'Муслюмово'),
(2067,	'Набережные Челны'),
(2068,	'Нижнекамск'),
(2069,	'Новошешминск'),
(2070,	'Нурлат'),
(2071,	'Пестрецы'),
(2072,	'Рыбная Слобода'),
(2073,	'Сарманово'),
(2074,	'Старое Дрожжаное'),
(2075,	'Тетюши'),
(2076,	'Чистополь'),
(2077,	'Андреаполь'),
(2078,	'Бежецк'),
(2079,	'Белый'),
(2080,	'Белый Городок'),
(2081,	'Березайка'),
(2082,	'Бологое'),
(2083,	'Васильевский Мох'),
(2084,	'Выползово'),
(2085,	'Вышний Волочек'),
(2086,	'Жарковский'),
(2087,	'Западная Двина'),
(2088,	'Заречье'),
(2089,	'Зубцов'),
(2090,	'Изоплит'),
(2091,	'Калашниково'),
(2092,	'Калинин'),
(2093,	'Калязин'),
(2094,	'Кашин'),
(2095,	'Кесова Гора'),
(2096,	'Кимры'),
(2097,	'Конаково'),
(2098,	'Красный Холм'),
(2099,	'Кувшиново'),
(2100,	'Лесное'),
(2101,	'Лихославль'),
(2102,	'Максатиха'),
(2103,	'Молоково'),
(2104,	'Нелидово'),
(2105,	'Оленино'),
(2106,	'Осташков'),
(2107,	'Пено'),
(2108,	'Рамешки'),
(2109,	'Ржев'),
(2110,	'Сандово'),
(2111,	'Селижарово'),
(2112,	'Сонково'),
(2113,	'Спирово'),
(2114,	'Старица'),
(2115,	'Тверь'),
(2116,	'Торжок'),
(2117,	'Торопец'),
(2118,	'Удомля'),
(2119,	'Фирово'),
(2120,	'Александровское'),
(2121,	'Асино'),
(2122,	'Бакчар'),
(2123,	'Батурино'),
(2124,	'Белый Яр'),
(2125,	'Зырянское'),
(2126,	'Итатка'),
(2127,	'Каргасок'),
(2128,	'Катайга'),
(2129,	'Кожевниково'),
(2130,	'Колпашево'),
(2131,	'Кривошеино'),
(2132,	'Мельниково'),
(2133,	'Молчаново'),
(2134,	'Парабель'),
(2135,	'Первомайское'),
(2136,	'Подгорное'),
(2137,	'Северск'),
(2138,	'Стрежевой'),
(2139,	'Томск'),
(2140,	'Тымск'),
(2141,	'Ак-Довурак'),
(2142,	'Бай Хаак'),
(2143,	'Кызыл'),
(2144,	'Самагалтай'),
(2145,	'Сарыг-Сеп'),
(2146,	'Суть-Холь'),
(2147,	'Тоора-Хем'),
(2148,	'Туран'),
(2149,	'Тээли'),
(2150,	'Хову-Аксы'),
(2151,	'Чадан'),
(2152,	'Шагонар'),
(2153,	'Эрзин'),
(2154,	'Агеево'),
(2155,	'Алексин'),
(2156,	'Арсеньево'),
(2157,	'Барсуки'),
(2158,	'Бегичевский'),
(2159,	'Белев'),
(2160,	'Богородицк'),
(2161,	'Болохово'),
(2162,	'Велегож'),
(2163,	'Венев'),
(2164,	'Волово'),
(2165,	'Горелки'),
(2166,	'Донской'),
(2167,	'Дубна'),
(2168,	'Епифань'),
(2169,	'Ефремов'),
(2170,	'Заокский'),
(2171,	'Казановка'),
(2172,	'Кимовск'),
(2173,	'Киреевск'),
(2174,	'Куркино'),
(2175,	'Ленинский'),
(2176,	'Новомосковск'),
(2177,	'Одоев'),
(2178,	'Плавск'),
(2179,	'Суворов'),
(2180,	'Тула'),
(2181,	'Узловая'),
(2182,	'Щекино'),
(2183,	'Ясногорск'),
(2184,	'Абатский'),
(2185,	'Аксарка'),
(2186,	'Армизонское'),
(2187,	'Аромашево'),
(2188,	'Белоярский'),
(2189,	'Бердюжье'),
(2190,	'Большое Сорокино'),
(2191,	'Вагай'),
(2192,	'Викулово'),
(2193,	'Винзили'),
(2194,	'Голышманово'),
(2195,	'Губкинский'),
(2196,	'Заводопетровский'),
(2197,	'Заводоуковск'),
(2198,	'Излучинск'),
(2199,	'Исетское'),
(2200,	'Ишим'),
(2201,	'Казанское'),
(2202,	'Казым-Мыс'),
(2203,	'Когалым'),
(2204,	'Кондинское'),
(2205,	'Красноселькуп'),
(2206,	'Лабытнанги'),
(2207,	'Ларьяк'),
(2208,	'Мегион'),
(2209,	'Мужи'),
(2210,	'Муравленко'),
(2211,	'Надым'),
(2212,	'Находка'),
(2213,	'Нефтеюганск'),
(2214,	'Нижневартовск'),
(2215,	'Нижняя Тавда'),
(2216,	'Новый Уренгой'),
(2217,	'Ноябрьск'),
(2218,	'Нягань'),
(2219,	'Октябрьское'),
(2220,	'Омутинский'),
(2221,	'Радужный'),
(2222,	'Салехард'),
(2223,	'Сладково'),
(2224,	'Советский'),
(2225,	'Сургут'),
(2226,	'Тазовский'),
(2227,	'Тарко-Сале'),
(2228,	'Тобольск'),
(2229,	'Тюмень'),
(2230,	'Уват'),
(2231,	'Унъюган'),
(2232,	'Упорово'),
(2233,	'Урай'),
(2234,	'Ханты-Мансийск'),
(2235,	'Юрибей'),
(2236,	'Ялуторовск'),
(2237,	'Яр-Сале'),
(2238,	'Ярково'),
(2239,	'Алнаши'),
(2240,	'Балезино'),
(2241,	'Вавож'),
(2242,	'Воткинск'),
(2243,	'Глазов'),
(2244,	'Грахово'),
(2245,	'Дебесы'),
(2246,	'Завьялово'),
(2247,	'Игра'),
(2248,	'Ижевск'),
(2249,	'Кама'),
(2250,	'Камбарка'),
(2251,	'Каракулино'),
(2252,	'Кез'),
(2253,	'Кизнер'),
(2254,	'Киясово'),
(2255,	'Красногорское'),
(2256,	'Можга'),
(2257,	'Сарапул'),
(2258,	'Селты'),
(2259,	'Сюмси'),
(2260,	'Ува'),
(2261,	'Устинов'),
(2262,	'Шаркан'),
(2263,	'Юкаменское'),
(2264,	'Якшур-Бодья'),
(2265,	'Яр'),
(2266,	'Базарный Сызган'),
(2267,	'Барыш'),
(2268,	'Большое Нагаткино'),
(2269,	'Вешкайма'),
(2270,	'Глотовка'),
(2271,	'Димитровград'),
(2272,	'Игнатовка'),
(2273,	'Измайлово'),
(2274,	'Инза'),
(2275,	'Ишеевка'),
(2276,	'Канадей'),
(2277,	'Карсун'),
(2278,	'Кузоватово'),
(2279,	'Майна'),
(2280,	'Новая Малыкла'),
(2281,	'Новоспасское'),
(2282,	'Павловка'),
(2283,	'Радищево'),
(2284,	'Сенгилей'),
(2285,	'Старая Кулатка'),
(2286,	'Старая Майна'),
(2287,	'Сурское'),
(2288,	'Тереньга'),
(2289,	'Ульяновск'),
(2290,	'Чердаклы'),
(2291,	'Аксай'),
(2292,	'Дарьинское'),
(2293,	'Деркул'),
(2294,	'Джамбейты'),
(2295,	'Джаныбек'),
(2296,	'Казталовка'),
(2297,	'Калмыково'),
(2298,	'Каратобе'),
(2299,	'Переметное'),
(2300,	'Сайхин'),
(2301,	'Уральск'),
(2302,	'Федоровка'),
(2303,	'Фурманово'),
(2304,	'Чапаев'),
(2305,	'Амурск'),
(2306,	'Аян'),
(2307,	'Березовый'),
(2308,	'Бикин'),
(2309,	'Бира'),
(2310,	'Биракан'),
(2311,	'Богородское'),
(2312,	'Болонь'),
(2313,	'Ванино'),
(2314,	'Волочаевка Вторая'),
(2315,	'Высокогорный'),
(2316,	'Вяземский'),
(2317,	'Горный'),
(2318,	'Гурское'),
(2319,	'Дормидонтовка'),
(2320,	'Заветы Ильича'),
(2321,	'Известковый'),
(2322,	'Иннокентьевка'),
(2323,	'Комсомольск-на-Амуре'),
(2324,	'Ленинское'),
(2325,	'Нелькан'),
(2326,	'Николаевск-на-Амуре'),
(2327,	'Облучье'),
(2328,	'Охотск'),
(2329,	'Переяславка'),
(2330,	'Смидович'),
(2331,	'Советская Гавань'),
(2332,	'Софийск'),
(2333,	'Троицкое'),
(2334,	'Тугур'),
(2335,	'Хабаровск'),
(2336,	'Чегдомын'),
(2337,	'Чумикан'),
(2338,	'Абакан'),
(2339,	'Саяногорск'),
(2340,	'Аган'),
(2341,	'Игрим'),
(2342,	'Излучинск'),
(2343,	'Лангепас'),
(2344,	'Лянтор'),
(2345,	'Мегион'),
(2346,	'Нефтеюганск'),
(2347,	'Нижневартовск'),
(2348,	'Нягань'),
(2349,	'Покачи'),
(2350,	'Приобье'),
(2351,	'Пыть-Ях'),
(2352,	'Радужный'),
(2353,	'Сургут'),
(2354,	'Урай'),
(2355,	'Ханты-Мансийск'),
(2356,	'Югорск'),
(2357,	'Агаповка'),
(2358,	'Аргаяш'),
(2359,	'Аша'),
(2360,	'Бакал'),
(2361,	'Бреды'),
(2362,	'Варна'),
(2363,	'Верхнеуральск'),
(2364,	'Верхний Уфалей'),
(2365,	'Еманжелинск'),
(2366,	'Златоуст'),
(2367,	'Карабаш'),
(2368,	'Карталы'),
(2369,	'Касли'),
(2370,	'Катав-Ивановск'),
(2371,	'Копейск'),
(2372,	'Коркино'),
(2373,	'Кунашак'),
(2374,	'Куса'),
(2375,	'Кыштым'),
(2376,	'Магнитогорск'),
(2377,	'Миасс'),
(2378,	'Озерск'),
(2379,	'Октябрьское'),
(2380,	'Пласт'),
(2381,	'Сатка'),
(2382,	'Сим'),
(2383,	'Снежинск'),
(2384,	'Трехгорный'),
(2385,	'Троицк'),
(2386,	'Увельский'),
(2387,	'Уйское'),
(2388,	'Усть-Катав'),
(2389,	'Фершампенуаз'),
(2390,	'Чебаркуль'),
(2391,	'Челябинск'),
(2392,	'Чесма'),
(2393,	'Южно-Уральск'),
(2394,	'Юрюзань'),
(2395,	'Аргун'),
(2396,	'Грозный'),
(2397,	'Гудермез'),
(2398,	'Малгобек'),
(2399,	'Назрань'),
(2400,	'Наурская'),
(2401,	'Ножай-Юрт'),
(2402,	'Орджоникидзевская'),
(2403,	'Советское'),
(2404,	'Урус-Мартан'),
(2405,	'Шали'),
(2406,	'Агинское'),
(2407,	'Аксеново-Зиловское'),
(2408,	'Акша'),
(2409,	'Александровский Завод'),
(2410,	'Амазар'),
(2411,	'Арбагар'),
(2412,	'Атамановка'),
(2413,	'Балей'),
(2414,	'Борзя'),
(2415,	'Букачача'),
(2416,	'Газимурский Завод'),
(2417,	'Давенда'),
(2418,	'Дарасун'),
(2419,	'Дровяная'),
(2420,	'Дульдурга'),
(2421,	'Жиндо'),
(2422,	'Забайкальск'),
(2423,	'Итака'),
(2424,	'Калга'),
(2425,	'Карымское'),
(2426,	'Кличка'),
(2427,	'Ключевский'),
(2428,	'Кокуй'),
(2429,	'Краснокаменск'),
(2430,	'Красный Чикой'),
(2431,	'Кыра'),
(2432,	'Моготуй'),
(2433,	'Могоча'),
(2434,	'Нерчинск'),
(2435,	'Нерчинский Завод'),
(2436,	'Нижний Часучей'),
(2437,	'Оловянная'),
(2438,	'Первомайский'),
(2439,	'Петровск-Забайкальский'),
(2440,	'Приаргунск'),
(2441,	'Сретенск'),
(2442,	'Тупик'),
(2443,	'Улеты'),
(2444,	'Хилок'),
(2445,	'Чара'),
(2446,	'Чернышевск'),
(2447,	'Чита'),
(2448,	'Шелопугино'),
(2449,	'Шилка'),
(2450,	'Алатырь'),
(2451,	'Аликово'),
(2452,	'Батырева'),
(2453,	'Буинск'),
(2454,	'Вурнары'),
(2455,	'Ибреси'),
(2456,	'Канаш'),
(2457,	'Киря'),
(2458,	'Комсомольское'),
(2459,	'Красноармейское'),
(2460,	'Красные Четаи'),
(2461,	'Кугеси'),
(2462,	'Мариинский Посад'),
(2463,	'Моргауши'),
(2464,	'Новочебоксарск'),
(2465,	'Порецкое'),
(2466,	'Урмары'),
(2467,	'Цивильск'),
(2468,	'Чебоксары'),
(2469,	'Шемурша'),
(2470,	'Шумерля'),
(2471,	'Ядрин'),
(2472,	'Яльчики'),
(2473,	'Янтиково'),
(2474,	'Анадырь'),
(2475,	'Билибино'),
(2476,	'Губкинский'),
(2477,	'Заполярный'),
(2478,	'Муравленко'),
(2479,	'Надым'),
(2480,	'Новый Уренгой'),
(2481,	'Ноябрьск'),
(2482,	'Пуровск'),
(2483,	'Салехард'),
(2484,	'Тарко'),
(2485,	'Андропов'),
(2486,	'Берендеево'),
(2487,	'Большое Село'),
(2488,	'Борисоглебский'),
(2489,	'Брейтово'),
(2490,	'Бурмакино'),
(2491,	'Варегово'),
(2492,	'Волга'),
(2493,	'Гаврилов Ям'),
(2494,	'Данилов'),
(2495,	'Любим'),
(2496,	'Мышкино'),
(2497,	'Некрасовское'),
(2498,	'Новый Некоуз'),
(2499,	'Переславль-Залесский'),
(2500,	'Пошехонье-Володарск'),
(2501,	'Ростов'),
(2502,	'Рыбинск'),
(2503,	'Тутаев'),
(2504,	'Углич'),
(2505,	'Ярославль');

DROP TABLE IF EXISTS `invoices`;
CREATE TABLE `invoices` (
  `id` int NOT NULL AUTO_INCREMENT,
  `sender` bigint NOT NULL,
  `recipient` bigint NOT NULL,
  `end_point` int NOT NULL,
  `status` int NOT NULL,
  `price` decimal(10,0) DEFAULT NULL,
  PRIMARY KEY (`id`),
  KEY `sender` (`sender`),
  KEY `recipient` (`recipient`),
  KEY `end_point` (`end_point`),
  KEY `status` (`status`),
  CONSTRAINT `invoices_ibfk_1` FOREIGN KEY (`sender`) REFERENCES `users` (`id`),
  CONSTRAINT `invoices_ibfk_2` FOREIGN KEY (`recipient`) REFERENCES `users` (`id`),
  CONSTRAINT `invoices_ibfk_3` FOREIGN KEY (`end_point`) REFERENCES `stocks` (`id`),
  CONSTRAINT `invoices_ibfk_4` FOREIGN KEY (`status`) REFERENCES `statuses` (`id`)
) ENGINE=InnoDB DEFAULT CHARSET=utf8mb4 COLLATE=utf8mb4_0900_ai_ci;

INSERT INTO `invoices` (`id`, `sender`, `recipient`, `end_point`, `status`, `price`) VALUES
(1,	1,	5,	1,	2,	3000),
(2,	1,	5,	1,	3,	3000),
(3,	1,	5,	1,	6,	3000),
(5,	1,	5,	1,	5,	3000),
(6,	1,	5,	2,	1,	NULL),
(7,	10,	7,	3,	3,	0),
(8,	7,	5,	3,	1,	NULL),
(9,	10,	7,	3,	1,	NULL),
(10,	5,	7,	2,	5,	0),
(11,	7,	10,	2,	1,	NULL);

DROP TABLE IF EXISTS `roles`;
CREATE TABLE `roles` (
  `id` int NOT NULL AUTO_INCREMENT,
  `name` varchar(30) NOT NULL,
  PRIMARY KEY (`id`)
) ENGINE=InnoDB DEFAULT CHARSET=utf8mb4 COLLATE=utf8mb4_0900_ai_ci;

INSERT INTO `roles` (`id`, `name`) VALUES
(1,	'client'),
(2,	'admin');

DROP TABLE IF EXISTS `statuses`;
CREATE TABLE `statuses` (
  `id` int NOT NULL AUTO_INCREMENT,
  `name` varchar(50) NOT NULL,
  PRIMARY KEY (`id`)
) ENGINE=InnoDB DEFAULT CHARSET=utf8mb4 COLLATE=utf8mb4_0900_ai_ci;

INSERT INTO `statuses` (`id`, `name`) VALUES
(1,	'new'),
(2,	'payment'),
(3,	'paid'),
(4,	'delivers'),
(5,	'reseived'),
(6,	'end');

DROP TABLE IF EXISTS `stocks`;
CREATE TABLE `stocks` (
  `id` int NOT NULL AUTO_INCREMENT,
  `name` varchar(255) NOT NULL,
  `address` varchar(255) CHARACTER SET utf8mb4 COLLATE utf8mb4_0900_ai_ci NOT NULL,
  `city_id` int DEFAULT NULL,
  `deleted` tinyint DEFAULT '0',
  PRIMARY KEY (`id`),
  KEY `city_id` (`city_id`),
  CONSTRAINT `stocks_ibfk_1` FOREIGN KEY (`city_id`) REFERENCES `cities` (`id`) ON DELETE SET NULL
) ENGINE=InnoDB DEFAULT CHARSET=utf8mb4 COLLATE=utf8mb4_0900_ai_ci;

INSERT INTO `stocks` (`id`, `name`, `address`, `city_id`, `deleted`) VALUES
(1,	'Пункт выдачи заказов',	'Ул. Чайковского д. 48',	501,	0),
(2,	'Пункт выдачи \"Озон\"',	'ул. Чайковского д. 8',	501,	1),
(3,	'Пункт выдачи озон',	'ул. Пионерская, 8',	516,	0);

DROP TABLE IF EXISTS `users`;
CREATE TABLE `users` (
  `id` bigint NOT NULL AUTO_INCREMENT,
  `name` varchar(255) NOT NULL,
  `surname` varchar(255) NOT NULL,
  `lastname` varchar(255) NOT NULL,
  `email` varchar(255) NOT NULL,
  `role_id` int DEFAULT '1',
  `password` varchar(255) DEFAULT NULL,
  PRIMARY KEY (`id`),
  UNIQUE KEY `email` (`email`),
  KEY `role_id` (`role_id`),
  CONSTRAINT `users_ibfk_1` FOREIGN KEY (`role_id`) REFERENCES `roles` (`id`) ON DELETE SET DEFAULT
) ENGINE=InnoDB DEFAULT CHARSET=utf8mb4 COLLATE=utf8mb4_0900_ai_ci;

INSERT INTO `users` (`id`, `name`, `surname`, `lastname`, `email`, `role_id`, `password`) VALUES
(1,	'Чернышев',	'Анатолий',	'Евгеньевич',	'kayn23@yandex.ru',	2,	'232111'),
(2,	'Александр',	'Федорович',	'Петров',	'alex@gmail.cam',	2,	'undefined'),
(5,	'Александр2',	'Федорович',	'Петров',	'alex2@gmail.cam',	1,	'123456'),
(6,	'Петр',	'Александрович',	'Светлов',	'svet@gmail.com',	1,	'***null***'),
(7,	'Анатолий',	'Александрович',	'Светлов',	'hello1@ndfl.guru',	1,	'***null***'),
(8,	'Федр',	'Аркадьевич',	'Филимонов',	'filfed@gmail.com',	1,	'***null***'),
(9,	'Иван',	'Авдеевич',	'Филков',	'filA@gmail.com',	1,	'ax8346pk'),
(10,	'Андрей',	'Николаевич',	'Гостве',	'gostev@gmail.com',	1,	'ooljv634');

-- 2024-04-23 14:05:20
